date,checked,changed,indexed,crawled_not_indexed,discovered_not_indexed,dup_no_user_canonical,dup_google_chose_different,dup_submitted_not_selected,alternate_canonical,excluded_noindex,redirect,blocked_robots,not_found,soft_404,server_error,unknown_to_google,other,unchecked
2026-09-21,1800,1800,1658,12,101,0,1,0,0,0,0,0,0,0,0,28,0,12334
2026-09-22,1800,1800,5001,40,227,0,1,0,0,4,0,0,0,0,0,127,0,8737
2026-09-24,1800,1800,6474,60,392,0,1,0,0,4,0,0,0,0,0,269,0,6939
2026-09-25,1800,1800,7919,82,561,0,1,0,0,4,0,0,0,0,0,433,0,5143
2026-09-26,1800,1800,10882,130,1002,0,1,0,0,4,0,0,0,0,0,572,0,1545
2026-09-28,1800,1549,11939,174,1250,0,1,0,122,7,0,0,1,0,0,643,0,0
2026-09-29,1800,43,11940,171,1249,0,1,0,122,7,0,0,1,0,0,646,0,0
2026-09-30,1800,58,11973,171,1251,0,1,0,122,7,0,0,3,0,0,663,0,0
2026-10-01,1800,57,11980,156,1261,0,1,0,122,7,0,0,3,0,0,662,0,0
2026-10-02,1800,79,11993,152,1269,0,1,0,122,7,0,0,3,0,0,655,0,0
2026-10-03,1800,67,11999,148,1285,0,1,0,122,7,0,0,3,0,0,637,0,0
2026-10-04,1800,98,12007,150,1271,0,1,0,122,7,0,0,3,0,0,646,0,0
2026-10-05,1800,60,12011,147,1250,0,1,0,122,7,0,0,3,0,0,667,0,0
2026-10-06,1800,120,12012,125,1272,0,1,0,126,7,0,0,4,0,0,664,0,0
2026-10-07,201,0,12012,125,1272,0,1,0,126,7,0,0,4,0,0,664,0,0
2026-10-08,1800,72,12020,122,1284,0,1,0,126,7,0,0,4,0,0,651,0,0
