url,group,from,to,coverage_raw,google_canonical,last_crawl_time
https://schoolwith.me/category/schools/english,カテゴリ,未照会,インデックス登録済み,送信して登録されました,https://schoolwith.me/category/schools/english,2026-09-20T09:14:29Z
https://schoolwith.me/category/schools/english/country_id:1,カテゴリ,未照会,Googleに認識されていない,URL が Google に認識されていません,,
https://schoolwith.me/category/schools/english/country_id:1/area_id:1,カテゴリ,未照会,インデックス登録済み,送信して登録されました,https://schoolwith.me/category/schools/english/country_id:1/area_id:1,2026-09-02T10:47:45Z
https://schoolwith.me/category/schools/english/country_id:1/area_id:3,カテゴリ,未照会,インデックス登録済み,送信して登録されました,https://schoolwith.me/category/schools/english/country_id:1/area_id:3,2026-08-07T12:27:05Z
https://schoolwith.me/category/schools/facility,カテゴリ,未照会,インデックス登録済み,送信して登録されました,https://schoolwith.me/category/schools/facility,2026-09-15T03:41:37Z
https://schoolwith.me/category/schools/facility/country_id:1,カテゴリ,未照会,インデックス登録済み,送信して登録されました,https://schoolwith.me/category/schools/facility/country_id:1,2026-08-19T04:40:49Z
https://schoolwith.me/category/schools/facility/country_id:1/area_id:1,カテゴリ,未照会,インデックス登録済み,送信して登録されました,https://schoolwith.me/category/schools/facility/country_id:1/area_id:1,2026-08-05T20:42:13Z
https://schoolwith.me/category/schools/facility/country_id:1/area_id:14,カテゴリ,未照会,Googleに認識されていない,URL が Google に認識されていません,,
https://schoolwith.me/category/schools/facility/country_id:1/area_id:2,カテゴリ,未照会,Googleに認識されていない,URL が Google に認識されていません,,
https://schoolwith.me/category/schools/facility/country_id:1/area_id:3,カテゴリ,未照会,インデックス登録済み,送信して登録されました,https://schoolwith.me/category/schools/facility/country_id:1/area_id:3,2026-08-08T08:11:17Z
https://schoolwith.me/category/schools/facility/country_id:2,カテゴリ,未照会,Googleに認識されていない,URL が Google に認識されていません,,
https://schoolwith.me/category/schools/facility/country_id:2/area_id:2002,カテゴリ,未照会,Googleに認識されていない,URL が Google に認識されていません,,
https://schoolwith.me/category/schools/facility/country_id:2/area_id:2003,カテゴリ,未照会,インデックス登録済み,送信して登録されました,https://schoolwith.me/category/schools/facility/country_id:2/area_id:2003,2026-09-16T10:52:31Z
https://schoolwith.me/category/schools/facility/country_id:2/area_id:2005,カテゴリ,未照会,Googleに認識されていない,URL が Google に認識されていません,,
https://schoolwith.me/category/schools/facility/country_id:2/area_id:2006,カテゴリ,未照会,インデックス登録済み,送信して登録されました,https://schoolwith.me/category/schools/facility/country_id:2/area_id:2006,2026-08-23T11:29:24Z
https://schoolwith.me/category/schools/facility/country_id:2/area_id:2007,カテゴリ,未照会,Googleに認識されていない,URL が Google に認識されていません,,
https://schoolwith.me/category/schools/facility/country_id:2/area_id:2009,カテゴリ,未照会,Googleに認識されていない,URL が Google に認識されていません,,
https://schoolwith.me/category/schools/facility/country_id:3,カテゴリ,未照会,インデックス登録済み,送信して登録されました,https://schoolwith.me/category/schools/facility/country_id:3,2026-09-19T12:04:10Z
https://schoolwith.me/category/schools/facility/country_id:3/area_id:3001,カテゴリ,未照会,インデックス登録済み,送信して登録されました,https://schoolwith.me/category/schools/facility/country_id:3/area_id:3001,2026-08-07T02:23:21Z
https://schoolwith.me/category/schools/facility/country_id:3/area_id:3002,カテゴリ,未照会,Googleに認識されていない,URL が Google に認識されていません,,
https://schoolwith.me/category/schools/facility/country_id:3/area_id:3003,カテゴリ,未照会,インデックス登録済み,送信して登録されました,https://schoolwith.me/category/schools/facility/country_id:3/area_id:3003,2026-08-12T07:19:58Z
https://schoolwith.me/category/schools/facility/country_id:3/area_id:3004,カテゴリ,未照会,Googleに認識されていない,URL が Google に認識されていません,,
https://schoolwith.me/category/schools/facility/country_id:3/area_id:3005,カテゴリ,未照会,インデックス登録済み,送信して登録されました,https://schoolwith.me/category/schools/facility/country_id:3/area_id:3005,2026-08-23T05:19:24Z
https://schoolwith.me/category/schools/facility/country_id:4,カテゴリ,未照会,インデックス登録済み,送信して登録されました,https://schoolwith.me/category/schools/facility/country_id:4,2026-08-22T21:44:42Z
https://schoolwith.me/category/schools/facility/country_id:4/area_id:4001,カテゴリ,未照会,インデックス登録済み,送信して登録されました,https://schoolwith.me/category/schools/facility/country_id:4/area_id:4001,2026-09-25T16:28:52Z
https://schoolwith.me/category/schools/facility/country_id:4/area_id:4002,カテゴリ,未照会,インデックス登録済み,送信して登録されました,https://schoolwith.me/category/schools/facility/country_id:4/area_id:4002,2026-09-19T13:42:20Z
https://schoolwith.me/category/schools/facility/country_id:4/area_id:4003,カテゴリ,未照会,Googleに認識されていない,URL が Google に認識されていません,,
https://schoolwith.me/category/schools/facility/country_id:4/area_id:4004,カテゴリ,未照会,インデックス登録済み,送信して登録されました,https://schoolwith.me/category/schools/facility/country_id:4/area_id:4004,2026-08-08T22:12:10Z
https://schoolwith.me/category/schools/facility/country_id:4/area_id:4005,カテゴリ,未照会,インデックス登録済み,送信して登録されました,https://schoolwith.me/category/schools/facility/country_id:4/area_id:4005,2026-08-23T04:10:22Z
https://schoolwith.me/category/schools/facility/country_id:4/area_id:4006,カテゴリ,未照会,Googleに認識されていない,URL が Google に認識されていません,,
https://schoolwith.me/category/schools/facility/country_id:4/area_id:4007,カテゴリ,未照会,Googleに認識されていない,URL が Google に認識されていません,,
https://schoolwith.me/category/schools/facility/country_id:4/area_id:4011,カテゴリ,未照会,インデックス登録済み,送信して登録されました,https://schoolwith.me/category/schools/facility/country_id:4/area_id:4011,2026-08-14T19:45:11Z
https://schoolwith.me/category/schools/facility/country_id:4/area_id:4012,カテゴリ,未照会,Googleに認識されていない,URL が Google に認識されていません,,
https://schoolwith.me/category/schools/facility/country_id:5,カテゴリ,未照会,インデックス登録済み,送信して登録されました,https://schoolwith.me/category/schools/facility/country_id:5,2026-08-20T21:19:25Z
https://schoolwith.me/category/schools/facility/country_id:5/area_id:5001,カテゴリ,未照会,インデックス登録済み,送信して登録されました,https://schoolwith.me/category/schools/facility/country_id:5/area_id:5001,2026-08-07T06:29:30Z
https://schoolwith.me/category/schools/facility/country_id:5/area_id:5002,カテゴリ,未照会,インデックス登録済み,送信して登録されました,https://schoolwith.me/category/schools/facility/country_id:5/area_id:5002,2026-08-07T09:40:07Z
https://schoolwith.me/category/schools/facility/country_id:5/area_id:5003,カテゴリ,未照会,インデックス登録済み,送信して登録されました,https://schoolwith.me/category/schools/facility/country_id:5/area_id:5003,2026-08-22T19:39:31Z
https://schoolwith.me/category/schools/facility/country_id:5/area_id:5004,カテゴリ,未照会,インデックス登録済み,送信して登録されました,https://schoolwith.me/category/schools/facility/country_id:5/area_id:5004,2026-08-10T10:13:49Z
https://schoolwith.me/category/schools/facility/country_id:5/area_id:5006,カテゴリ,未照会,インデックス登録済み,送信して登録されました,https://schoolwith.me/category/schools/facility/country_id:5/area_id:5006,2026-09-26T01:04:31Z
https://schoolwith.me/category/schools/facility/country_id:5/area_id:5021,カテゴリ,未照会,Googleに認識されていない,URL が Google に認識されていません,,
https://schoolwith.me/category/schools/facility/country_id:6,カテゴリ,未照会,インデックス登録済み,送信して登録されました,https://schoolwith.me/category/schools/facility/country_id:6,2026-09-26T02:06:12Z
https://schoolwith.me/category/schools/facility/country_id:6/area_id:6001,カテゴリ,未照会,Googleに認識されていない,URL が Google に認識されていません,,
https://schoolwith.me/category/schools/facility/country_id:6/area_id:6004,カテゴリ,未照会,インデックス登録済み,送信して登録されました,https://schoolwith.me/category/schools/facility/country_id:6/area_id:6004,2026-09-29T05:01:10Z
https://schoolwith.me/category/schools/facility/country_id:7,カテゴリ,未照会,Googleに認識されていない,URL が Google に認識されていません,,
https://schoolwith.me/category/schools/facility/country_id:7/area_id:7001,カテゴリ,未照会,Googleに認識されていない,URL が Google に認識されていません,,
https://schoolwith.me/category/schools/facility/country_id:7/area_id:7002,カテゴリ,未照会,インデックス登録済み,送信して登録されました,https://schoolwith.me/category/schools/facility/country_id:7/area_id:7002,2026-08-28T10:39:47Z
https://schoolwith.me/category/schools/facility/country_id:8,カテゴリ,未照会,インデックス登録済み,送信して登録されました,https://schoolwith.me/category/schools/facility/country_id:8,2026-09-16T08:29:42Z
https://schoolwith.me/category/schools/facility/country_id:8/area_id:8001,カテゴリ,未照会,Googleに認識されていない,URL が Google に認識されていません,,
https://schoolwith.me/category/schools/non_japanese/country_id:1,カテゴリ,未照会,インデックス登録済み,送信して登録されました,https://schoolwith.me/category/schools/non_japanese/country_id:1,2026-09-15T01:51:21Z
https://schoolwith.me/category/schools/non_japanese/country_id:1/area_id:1,カテゴリ,未照会,インデックス登録済み,送信して登録されました,https://schoolwith.me/category/schools/non_japanese/country_id:1/area_id:1,2026-09-14T14:55:58Z
https://schoolwith.me/category/schools/non_japanese/country_id:1/area_id:3,カテゴリ,未照会,インデックス登録済み,送信して登録されました,https://schoolwith.me/category/schools/non_japanese/country_id:1/area_id:3,2026-08-22T20:04:38Z
https://schoolwith.me/columns/33456,コラム,未照会,見つかりません（404）,見つかりませんでした（404）,,2026-08-26T21:52:02Z
https://schoolwith.me/columns/33507,コラム,未照会,インデックス登録済み,送信して登録されました,https://schoolwith.me/columns/33507,2026-09-29T12:34:41Z
https://schoolwith.me/columns/33552,コラム,未照会,見つかりません（404）,見つかりませんでした（404）,,2026-08-12T02:34:49Z
https://schoolwith.me/columns/author/116,コラム,Googleに認識されていない,検出 - インデックス未登録,検出 - インデックス未登録,,
https://schoolwith.me/columns/author/12,コラム,検出 - インデックス未登録,Googleに認識されていない,URL が Google に認識されていません,,
https://schoolwith.me/columns/author/141,コラム,Googleに認識されていない,検出 - インデックス未登録,検出 - インデックス未登録,,
https://schoolwith.me/columns/author/163,コラム,Googleに認識されていない,検出 - インデックス未登録,検出 - インデックス未登録,,
